<mxGraphModel>
  <root>
    <mxCell id="0"/>
    <mxCell id="1" parent="0"/>
    <mxCell id="2" value="&lt;h1 style=&quot;margin:0px;&quot;&gt;Website&lt;/h1&gt;&lt;br&gt;&lt;img src=&quot;images/icons48/earth.png&quot; width=&quot;48&quot; height=&quot;48&quot;&gt;&lt;br&gt;&lt;a href=&quot;http://www.jgraph.com&quot; target=&quot;_blank&quot;&gt;Browse&lt;/a&gt;" vertex="1" connectable="0" parent="1">
      <mxGeometry x="180" y="110" width="120" height="120" as="geometry">
        <mxRectangle width="120" height="40" as="alternateBounds"/>
      </mxGeometry>
    </mxCell>
    <mxCell id="3" value="Trigger" style="port;image=editors/images/overlays/flash.png;align=right;imageAlign=right;spacingRight=18" vertex="1" parent="2">
      <mxGeometry y="0.25" width="16" height="16" relative="1" as="geometry">
        <mxPoint x="-6" y="-8" as="offset"/>
      </mxGeometry>
    </mxCell>
    <mxCell id="4" value="Input" style="port;image=editors/images/overlays/check.png;align=right;imageAlign=right;spacingRight=18" vertex="1" parent="2">
      <mxGeometry y="0.75" width="16" height="16" relative="1" as="geometry">
        <mxPoint x="-6" y="-4" as="offset"/>
      </mxGeometry>
    </mxCell>
    <mxCell id="5" value="Error" style="port;image=editors/images/overlays/error.png;spacingLeft=18" vertex="1" parent="2">
      <mxGeometry x="1" y="0.25" width="16" height="16" relative="1" as="geometry">
        <mxPoint x="-8" y="-8" as="offset"/>
      </mxGeometry>
    </mxCell>
    <mxCell id="6" value="Result" style="port;image=editors/images/overlays/information.png;spacingLeft=18" vertex="1" parent="2">
      <mxGeometry x="1" y="0.75" width="16" height="16" relative="1" as="geometry">
        <mxPoint x="-8" y="-4" as="offset"/>
      </mxGeometry>
    </mxCell>
    <mxCell id="7" value="&lt;h1 style=&quot;margin:0px;&quot;&gt;Process&lt;/h1&gt;&lt;br&gt;&lt;img src=&quot;images/icons48/gear.png&quot; width=&quot;48&quot; height=&quot;48&quot;&gt;&lt;br&gt;&lt;select&gt;&lt;option&gt;Value1&lt;/option&gt;&lt;option&gt;Value2&lt;/option&gt;&lt;/select&gt;&lt;br&gt;" vertex="1" connectable="0" parent="1">
      <mxGeometry x="530" y="110" width="120" height="120" as="geometry">
        <mxRectangle width="120" height="40" as="alternateBounds"/>
      </mxGeometry>
    </mxCell>
    <mxCell id="8" value="Trigger" style="port;image=editors/images/overlays/flash.png;align=right;imageAlign=right;spacingRight=18" vertex="1" parent="7">
      <mxGeometry y="0.25" width="16" height="16" relative="1" as="geometry">
        <mxPoint x="-6" y="-8" as="offset"/>
      </mxGeometry>
    </mxCell>
    <mxCell id="9" value="Input" style="port;image=editors/images/overlays/check.png;align=right;imageAlign=right;spacingRight=18" vertex="1" parent="7">
      <mxGeometry y="0.75" width="16" height="16" relative="1" as="geometry">
        <mxPoint x="-6" y="-4" as="offset"/>
      </mxGeometry>
    </mxCell>
    <mxCell id="10" value="Error" style="port;image=editors/images/overlays/error.png;spacingLeft=18" vertex="1" parent="7">
      <mxGeometry x="1" y="0.25" width="16" height="16" relative="1" as="geometry">
        <mxPoint x="-8" y="-8" as="offset"/>
      </mxGeometry>
    </mxCell>
    <mxCell id="11" value="Result" style="port;image=editors/images/overlays/information.png;spacingLeft=18" vertex="1" parent="7">
      <mxGeometry x="1" y="0.75" width="16" height="16" relative="1" as="geometry">
        <mxPoint x="-8" y="-4" as="offset"/>
      </mxGeometry>
    </mxCell>
  </root>
</mxGraphModel>
