<?xml version="1.0" encoding="UTF-8"?><XcosDiagram background="-1" title="Untitled - 3:07:28 PM"><!--Xcos - 1.0 - scilab-5.5.2 - 20160406 2040--><mxGraphModel as="model"><root><mxCell id="7ab84dc2:154e7468f33:-7ffb"/><mxCell id="7ab84dc2:154e7468f33:-7ffc" parent="7ab84dc2:154e7468f33:-7ffb"/><BigSom dependsOnU="1" id="7ab84dc2:154e7468f33:-7fdd" interfaceFunctionName="BIGSOM_f" parent="7ab84dc2:154e7468f33:-7ffc" simulationFunctionName="sum" simulationFunctionType="TYPE_2" style="BIGSOM_f" value="+"><ScilabString as="exprs" height="1" width="1"><data column="0" line="0" value="[1;1]"/></ScilabString><ScilabDouble as="realParameters" height="2" width="1"><data column="0" line="0" realPart="1.0"/><data column="0" line="1" realPart="1.0"/></ScilabDouble><ScilabDouble as="integerParameters" height="0" width="0"/><Array as="objectsParameters" scilabClass="ScilabList"/><ScilabDouble as="nbZerosCrossing" height="1" width="1"><data column="0" line="0" realPart="0.0"/></ScilabDouble><ScilabDouble as="nmode" height="1" width="1"><data column="0" line="0" realPart="0.0"/></ScilabDouble><Array as="oDState" scilabClass="ScilabList"/><Array as="equations" scilabClass="ScilabList"/><mxGeometry as="geometry" height="60.0" width="40.0" x="270.0" y="130.0"/></BigSom><ExplicitInputPort dataColumns="1" dataType="REAL_MATRIX" id="7ab84dc2:154e7468f33:-7fdc" ordering="1" parent="7ab84dc2:154e7468f33:-7fdd" style="ExplicitInputPort;align=left;verticalAlign=middle;spacing=10.0;rotation=0" value=""><mxGeometry as="geometry" height="8.0" width="8.0" x="-8.0" y="16.0"/></ExplicitInputPort><ExplicitInputPort dataColumns="1" dataType="REAL_MATRIX" id="7ab84dc2:154e7468f33:-7fdb" ordering="2" parent="7ab84dc2:154e7468f33:-7fdd" style="ExplicitInputPort;align=left;verticalAlign=middle;spacing=10.0;rotation=0" value=""><mxGeometry as="geometry" height="8.0" width="8.0" x="-8.0" y="36.0"/></ExplicitInputPort><ExplicitOutputPort dataColumns="1" dataType="REAL_MATRIX" id="7ab84dc2:154e7468f33:-7fda" ordering="1" parent="7ab84dc2:154e7468f33:-7fdd" style="ExplicitOutputPort;align=right;verticalAlign=middle;spacing=10.0;rotation=0" value=""><mxGeometry as="geometry" height="8.0" width="8.0" x="40.0" y="26.0"/></ExplicitOutputPort></root></mxGraphModel><mxCell as="defaultParent" id="7ab84dc2:154e7468f33:-7ffc" parent="7ab84dc2:154e7468f33:-7ffb"/></XcosDiagram>